Episode,Return,Length
1,-18.61556625366211,1000.0
2,-1.543704867362976,1000.0
3,-118.38134002685547,1000.0
4,-294.95361328125,1000.0
